<?xml version="1.0" encoding="UTF-8"?>
<!--
 This is a WordPress eXtended RSS file generated by WordPress as an export of your site.
 It contains information about your site's posts, pages, comments, categories, and other content.
 You may use this file to transfer that content from one site to another.
 This file is not intended to serve as a complete backup of your site.

 To import this information into a WordPress site follow these steps:
 1. Log in to that site as an administrator.
 2. Go to Tools: Import in the WordPress admin panel.
 3. Install the "WordPress" importer from the list.
 4. Activate & Run Importer.
 5. Upload this file using the form provided on that page.
 6. You will first be asked to map the authors in this export file to users
    on the site. For each author, you may choose to map to an
    existing user on the site or to create a new user.
 7. WordPress will then import each of the posts, pages, comments, categories, etc.
    contained in this file into your site.
-->
<!-- generator="WordPress.com" created="2023-09-27 12:32"-->
<rss version="2.0" xmlns:excerpt="http://wordpress.org/export/1.2/excerpt/" xmlns:content="http://purl.org/rss/1.0/modules/content/" xmlns:wfw="http://wellformedweb.org/CommentAPI/" xmlns:dc="http://purl.org/dc/elements/1.1/" xmlns:wp="http://wordpress.org/export/1.2/">
  <channel>
<title>Titre du site</title>
<link>https://didiercastroramirez.wordpress.com</link>
<description/>
<pubDate>Wed, 27 Sep 2023 12:32:39 +0000</pubDate>
<language>fr-FR</language>
<wp:wxr_version>1.2</wp:wxr_version>
<wp:base_site_url>http://wordpress.com/</wp:base_site_url>
<wp:base_blog_url>https://didiercastroramirez.wordpress.com</wp:base_blog_url>
<wp:author>
  <wp:author_id>240564495</wp:author_id>
  <wp:author_login>didiercastroramirez</wp:author_login>
  <wp:author_email>didiercastroramirez16@gmail.com</wp:author_email>
  <wp:author_display_name><![CDATA[didiercastroramirez]]></wp:author_display_name>
  <wp:author_first_name><![CDATA[]]></wp:author_first_name>
  <wp:author_last_name><![CDATA[]]></wp:author_last_name>
</wp:author>
<wp:category>
  <wp:term_id>6325</wp:term_id>
  <wp:category_nicename>non-classe</wp:category_nicename>
  <wp:category_parent/>
  <wp:cat_name><![CDATA[Non classé]]></wp:cat_name>
</wp:category>
<generator>http://wordpress.com/</generator>
<image>
		<url>http://s0.wp.com/i/buttonw-com.png</url>
		<title>Titre du site</title>
		<link>https://didiercastroramirez.wordpress.com</link>
	</image>
	<item>
  <title><![CDATA[Navigation]]></title>
  <link>https://didiercastroramirez.wordpress.com/2023/09/27/navigation/</link>
  <pubDate>Wed, 27 Sep 2023 12:15:09 +0000</pubDate>
  <dc:creator>didiercastroramirez</dc:creator>
  <guid isPermaLink="false">https://didiercastroramirez.wordpress.com/2023/09/27/navigation/</guid>
  <description/>
  <content:encoded><![CDATA[<!-- wp:page-list /-->]]></content:encoded>
  <excerpt:encoded><![CDATA[]]></excerpt:encoded>
  <wp:post_id>4</wp:post_id>
  <wp:post_date>2023-09-27 14:15:09</wp:post_date>
  <wp:post_date_gmt>2023-09-27 12:15:09</wp:post_date_gmt>
  <wp:post_modified>2023-09-27 14:15:09</wp:post_modified>
  <wp:post_modified_gmt>2023-09-27 12:15:09</wp:post_modified_gmt>
  <wp:comment_status>closed</wp:comment_status>
  <wp:ping_status>closed</wp:ping_status>
  <wp:post_name>navigation</wp:post_name>
  <wp:status>publish</wp:status>
  <wp:post_parent>0</wp:post_parent>
  <wp:menu_order>0</wp:menu_order>
  <wp:post_type>wp_navigation</wp:post_type>
  <wp:post_password/>
  <wp:is_sticky>0</wp:is_sticky>
</item>
<item>
  <title><![CDATA[Custom Styles]]></title>
  <link>https://didiercastroramirez.wordpress.com/2023/09/27/wp-global-styles-pub%2ftwentytwentythree/</link>
  <pubDate>Wed, 27 Sep 2023 12:15:25 +0000</pubDate>
  <dc:creator>didiercastroramirez</dc:creator>
  <guid isPermaLink="false">https://didiercastroramirez.wordpress.com/2023/09/27/wp-global-styles-pub%2ftwentytwentythree/</guid>
  <description/>
  <content:encoded><![CDATA[{"version":2,"isGlobalStylesUserThemeJSON":true}]]></content:encoded>
  <excerpt:encoded><![CDATA[]]></excerpt:encoded>
  <wp:post_id>5</wp:post_id>
  <wp:post_date>2023-09-27 14:15:25</wp:post_date>
  <wp:post_date_gmt>2023-09-27 12:15:25</wp:post_date_gmt>
  <wp:post_modified>2023-09-27 14:15:25</wp:post_modified>
  <wp:post_modified_gmt>2023-09-27 12:15:25</wp:post_modified_gmt>
  <wp:comment_status>closed</wp:comment_status>
  <wp:ping_status>closed</wp:ping_status>
  <wp:post_name>wp-global-styles-pub%2ftwentytwentythree</wp:post_name>
  <wp:status>publish</wp:status>
  <wp:post_parent>0</wp:post_parent>
  <wp:menu_order>0</wp:menu_order>
  <wp:post_type>wp_global_styles</wp:post_type>
  <wp:post_password/>
  <wp:is_sticky>0</wp:is_sticky>
  <category domain="wp_theme" nicename="twentytwentythree"><![CDATA[twentytwentythree]]></category>
  <wp:postmeta>
    <wp:meta_key>_publicize_pending</wp:meta_key>
    <wp:meta_value><![CDATA[1]]></wp:meta_value>
  </wp:postmeta>
</item>
<item>
  <title><![CDATA[Liste]]></title>
  <link>https://didiercastroramirez.wordpress.com/?page_id=6</link>
  <pubDate/>
  <dc:creator>didiercastroramirez</dc:creator>
  <guid isPermaLink="false">https://didiercastroramirez.wordpress.com/?page_id=6</guid>
  <description/>
  <content:encoded><![CDATA[<!-- wp:group {"align":"full","style":{"spacing":{"margin":{"top":"0px","bottom":"0px"},"padding":{"top":"30px","bottom":"30px"}}}} -->
<div class="wp-block-group alignfull" style="margin-top:0px;margin-bottom:0px;padding-top:30px;padding-bottom:30px"><!-- wp:group {"style":{"spacing":{"padding":{"top":"7vw","bottom":"7vw","right":"4vw","left":"4vw"}}},"backgroundColor":"foreground","textColor":"background","className":"has-white-color"} -->
<div class="wp-block-group has-white-color has-background-color has-foreground-background-color has-text-color has-background" style="padding-top:7vw;padding-right:4vw;padding-bottom:7vw;padding-left:4vw"><!-- wp:paragraph {"style":{"typography":{"fontSize":20}}} -->
<p style="font-size:20px">Composition&nbsp;:</p>
<!-- /wp:paragraph -->

<!-- wp:paragraph {"style":{"typography":{"fontSize":72,"lineHeight":".9"}}} -->
<p style="font-size:72px;line-height:.9"><strong>BETH SILVA<br>CHRISTINE RUSSELL</strong><br><strong>HOLLIE BLANKENSHIP</strong><br><strong>MONICA HUMPHREY</strong><br><strong>NETTIE PECK</strong><br><strong>BRIANNA WILLIS</strong><br><strong>ELISE PRATT</strong><br><strong>VERONICA ENGLAND</strong><br><strong>MASON DECKER</strong></p>
<!-- /wp:paragraph --></div>
<!-- /wp:group --></div>
<!-- /wp:group -->]]></content:encoded>
  <excerpt:encoded><![CDATA[]]></excerpt:encoded>
  <wp:post_id>6</wp:post_id>
  <wp:post_date>2023-09-27 14:18:05</wp:post_date>
  <wp:post_date_gmt>0000-00-00 00:00:00</wp:post_date_gmt>
  <wp:post_modified>2023-09-27 14:18:05</wp:post_modified>
  <wp:post_modified_gmt>2023-09-27 12:18:05</wp:post_modified_gmt>
  <wp:comment_status>closed</wp:comment_status>
  <wp:ping_status>closed</wp:ping_status>
  <wp:post_name/>
  <wp:status>draft</wp:status>
  <wp:post_parent>0</wp:post_parent>
  <wp:menu_order>0</wp:menu_order>
  <wp:post_type>page</wp:post_type>
  <wp:post_password/>
  <wp:is_sticky>0</wp:is_sticky>
  <wp:postmeta>
    <wp:meta_key>_last_editor_used_jetpack</wp:meta_key>
    <wp:meta_value><![CDATA[block-editor]]></wp:meta_value>
  </wp:postmeta>
  <wp:postmeta>
    <wp:meta_key>footnotes</wp:meta_key>
    <wp:meta_value><![CDATA[]]></wp:meta_value>
  </wp:postmeta>
</item>
<item>
  <title><![CDATA[À propos]]></title>
  <link>https://didiercastroramirez.wordpress.com/?page_id=2</link>
  <pubDate>Wed, 27 Sep 2023 12:06:53 +0000</pubDate>
  <dc:creator>didiercastroramirez</dc:creator>
  <guid isPermaLink="false">https://didiercastroramirez.wordpress.com/about/</guid>
  <description/>
  <content:encoded><![CDATA[Voici un exemple de page. À la différence des articles, qui sont affichés sur la page d’accueil dans leur ordre de publication, les pages sont plutôt destinées à du contenu dont vous souhaitez qu’il soit toujours facilement accessible, comme votre présentation ou les informations pour vous contacter. Cliquez sur le lien de modification pour modifier cette page ou <a title="Direct link to Add New in the Admin Dashboard" href="/wp-admin/post-new.php?post_type=page">ajoutez une autre page</a>.]]></content:encoded>
  <excerpt:encoded><![CDATA[]]></excerpt:encoded>
  <wp:post_id>2</wp:post_id>
  <wp:post_date>2023-09-27 13:06:53</wp:post_date>
  <wp:post_date_gmt>2023-09-27 12:06:53</wp:post_date_gmt>
  <wp:post_modified>2023-09-27 14:23:19</wp:post_modified>
  <wp:post_modified_gmt>2023-09-27 12:23:19</wp:post_modified_gmt>
  <wp:comment_status>closed</wp:comment_status>
  <wp:ping_status>closed</wp:ping_status>
  <wp:post_name>about__trashed</wp:post_name>
  <wp:status>trash</wp:status>
  <wp:post_parent>0</wp:post_parent>
  <wp:menu_order>0</wp:menu_order>
  <wp:post_type>page</wp:post_type>
  <wp:post_password/>
  <wp:is_sticky>0</wp:is_sticky>
  <wp:postmeta>
    <wp:meta_key>sharing_disabled</wp:meta_key>
    <wp:meta_value><![CDATA[a:1:{i:0;N;}]]></wp:meta_value>
  </wp:postmeta>
  <wp:postmeta>
    <wp:meta_key>switch_like_status</wp:meta_key>
    <wp:meta_value><![CDATA[a:1:{i:0;N;}]]></wp:meta_value>
  </wp:postmeta>
  <wp:postmeta>
    <wp:meta_key>_starter_page_template</wp:meta_key>
    <wp:meta_value><![CDATA[blank]]></wp:meta_value>
  </wp:postmeta>
  <wp:postmeta>
    <wp:meta_key>_hs_old_id</wp:meta_key>
    <wp:meta_value><![CDATA[29]]></wp:meta_value>
  </wp:postmeta>
  <wp:postmeta>
    <wp:meta_key>_publicize_pending</wp:meta_key>
    <wp:meta_value><![CDATA[1]]></wp:meta_value>
  </wp:postmeta>
  <wp:postmeta>
    <wp:meta_key>_checklist_post_type</wp:meta_key>
    <wp:meta_value><![CDATA[_hs_extra]]></wp:meta_value>
  </wp:postmeta>
  <wp:postmeta>
    <wp:meta_key>_wp_trash_meta_status</wp:meta_key>
    <wp:meta_value><![CDATA[publish]]></wp:meta_value>
  </wp:postmeta>
  <wp:postmeta>
    <wp:meta_key>_wp_trash_meta_time</wp:meta_key>
    <wp:meta_value><![CDATA[1695817399]]></wp:meta_value>
  </wp:postmeta>
  <wp:postmeta>
    <wp:meta_key>_wp_desired_post_slug</wp:meta_key>
    <wp:meta_value><![CDATA[about]]></wp:meta_value>
  </wp:postmeta>
</item>
<item>
  <title><![CDATA[Bonjour tout le monde !]]></title>
  <link>https://didiercastroramirez.wordpress.com/2023/09/27/hello-world/</link>
  <pubDate>Wed, 27 Sep 2023 12:06:52 +0000</pubDate>
  <dc:creator>didiercastroramirez</dc:creator>
  <guid isPermaLink="false">https://didiercastroramirez.wordpress.com/2023/09/27/hello-world/</guid>
  <description/>
  <content:encoded><![CDATA[<!-- wp:paragraph -->
<p>Bienvenue dans WordPress ! Ceci est votre premier article. Modifiez-le ou supprimez-le, et lancez votre blog.</p>
<!-- /wp:paragraph -->]]></content:encoded>
  <excerpt:encoded><![CDATA[]]></excerpt:encoded>
  <wp:post_id>3</wp:post_id>
  <wp:post_date>2023-09-27 13:06:52</wp:post_date>
  <wp:post_date_gmt>2023-09-27 12:06:52</wp:post_date_gmt>
  <wp:post_modified>2023-09-27 13:06:52</wp:post_modified>
  <wp:post_modified_gmt>2023-09-27 12:06:52</wp:post_modified_gmt>
  <wp:comment_status>open</wp:comment_status>
  <wp:ping_status>open</wp:ping_status>
  <wp:post_name>hello-world</wp:post_name>
  <wp:status>publish</wp:status>
  <wp:post_parent>0</wp:post_parent>
  <wp:menu_order>0</wp:menu_order>
  <wp:post_type>post</wp:post_type>
  <wp:post_password/>
  <wp:is_sticky>0</wp:is_sticky>
  <category domain="category" nicename="non-classe"><![CDATA[Non classé]]></category>
  <wp:postmeta>
    <wp:meta_key>_headstart_post</wp:meta_key>
    <wp:meta_value><![CDATA[_hs_extra]]></wp:meta_value>
  </wp:postmeta>
  <wp:postmeta>
    <wp:meta_key>sharing_disabled</wp:meta_key>
    <wp:meta_value><![CDATA[a:1:{i:0;N;}]]></wp:meta_value>
  </wp:postmeta>
  <wp:postmeta>
    <wp:meta_key>switch_like_status</wp:meta_key>
    <wp:meta_value><![CDATA[a:1:{i:0;N;}]]></wp:meta_value>
  </wp:postmeta>
  <wp:postmeta>
    <wp:meta_key>_starter_page_template</wp:meta_key>
    <wp:meta_value><![CDATA[]]></wp:meta_value>
  </wp:postmeta>
  <wp:postmeta>
    <wp:meta_key>_hs_old_id</wp:meta_key>
    <wp:meta_value><![CDATA[4]]></wp:meta_value>
  </wp:postmeta>
  <wp:postmeta>
    <wp:meta_key>_wpas_skip_all_services</wp:meta_key>
    <wp:meta_value><![CDATA[1]]></wp:meta_value>
  </wp:postmeta>
  <wp:postmeta>
    <wp:meta_key>_publicize_pending</wp:meta_key>
    <wp:meta_value><![CDATA[1]]></wp:meta_value>
  </wp:postmeta>
</item>
<item>
  <title><![CDATA[Profil]]></title>
  <link>https://didiercastroramirez.wordpress.com/profil/</link>
  <pubDate>Wed, 27 Sep 2023 12:21:50 +0000</pubDate>
  <dc:creator>didiercastroramirez</dc:creator>
  <guid isPermaLink="false">https://didiercastroramirez.wordpress.com/?page_id=8</guid>
  <description/>
  <content:encoded><![CDATA[<!-- wp:paragraph -->
<p></p>
<!-- /wp:paragraph -->

<!-- wp:list -->
<ul><!-- wp:list-item -->
<li>Adresse : </li>
<!-- /wp:list-item -->

<!-- wp:list-item -->
<li>Téléphone : </li>
<!-- /wp:list-item --></ul>
<!-- /wp:list -->

<!-- wp:paragraph -->
<p>A propos de moi</p>
<!-- /wp:paragraph -->

<!-- wp:image {"id":16,"width":"217px","height":"auto","sizeSlug":"large","linkDestination":"none"} -->
<figure class="wp-block-image size-large is-resized"><img src="https://didiercastroramirez.files.wordpress.com/2023/09/sans-titre-1.jpg?w=275" alt="" class="wp-image-16" style="width:217px;height:auto" /></figure>
<!-- /wp:image -->

<!-- wp:embed {"url":"https://youtu.be/wphudeso8C0?si=5PlCUPkNFCQI535Y","type":"video","providerNameSlug":"youtube","responsive":true,"className":"wp-embed-aspect-16-9 wp-has-aspect-ratio"} -->
<figure class="wp-block-embed is-type-video is-provider-youtube wp-block-embed-youtube wp-embed-aspect-16-9 wp-has-aspect-ratio"><div class="wp-block-embed__wrapper">
https://youtu.be/wphudeso8C0?si=5PlCUPkNFCQI535Y
</div></figure>
<!-- /wp:embed -->]]></content:encoded>
  <excerpt:encoded><![CDATA[]]></excerpt:encoded>
  <wp:post_id>8</wp:post_id>
  <wp:post_date>2023-09-27 14:21:50</wp:post_date>
  <wp:post_date_gmt>2023-09-27 12:21:50</wp:post_date_gmt>
  <wp:post_modified>2023-09-27 14:29:42</wp:post_modified>
  <wp:post_modified_gmt>2023-09-27 12:29:42</wp:post_modified_gmt>
  <wp:comment_status>closed</wp:comment_status>
  <wp:ping_status>closed</wp:ping_status>
  <wp:post_name>profil</wp:post_name>
  <wp:status>publish</wp:status>
  <wp:post_parent>0</wp:post_parent>
  <wp:menu_order>0</wp:menu_order>
  <wp:post_type>page</wp:post_type>
  <wp:post_password/>
  <wp:is_sticky>0</wp:is_sticky>
  <wp:postmeta>
    <wp:meta_key>_last_editor_used_jetpack</wp:meta_key>
    <wp:meta_value><![CDATA[block-editor]]></wp:meta_value>
  </wp:postmeta>
  <wp:postmeta>
    <wp:meta_key>footnotes</wp:meta_key>
    <wp:meta_value><![CDATA[]]></wp:meta_value>
  </wp:postmeta>
  <wp:postmeta>
    <wp:meta_key>_publicize_pending</wp:meta_key>
    <wp:meta_value><![CDATA[1]]></wp:meta_value>
  </wp:postmeta>
  <wp:postmeta>
    <wp:meta_key>jetpack_seo_noindex</wp:meta_key>
    <wp:meta_value><![CDATA[]]></wp:meta_value>
  </wp:postmeta>
  <wp:postmeta>
    <wp:meta_key>_jetpack_post_was_ever_published</wp:meta_key>
    <wp:meta_value><![CDATA[]]></wp:meta_value>
  </wp:postmeta>
  <wp:postmeta>
    <wp:meta_key>_starter_page_template</wp:meta_key>
    <wp:meta_value><![CDATA[blank]]></wp:meta_value>
  </wp:postmeta>
  <wp:postmeta>
    <wp:meta_key>_wpcom_template_layout_category</wp:meta_key>
    <wp:meta_value><![CDATA[a:1:{i:0;s:5:"about";}]]></wp:meta_value>
  </wp:postmeta>
</item>
<item>
  <title><![CDATA[sans-titre]]></title>
  <link>https://didiercastroramirez.wordpress.com/profil/sans-titre/</link>
  <pubDate>Wed, 27 Sep 2023 12:24:32 +0000</pubDate>
  <dc:creator>didiercastroramirez</dc:creator>
  <guid isPermaLink="false">http://didiercastroramirez.files.wordpress.com/2023/09/sans-titre.jpg</guid>
  <description/>
  <content:encoded><![CDATA[]]></content:encoded>
  <excerpt:encoded><![CDATA[]]></excerpt:encoded>
  <wp:post_id>13</wp:post_id>
  <wp:post_date>2023-09-27 14:24:32</wp:post_date>
  <wp:post_date_gmt>2023-09-27 12:24:32</wp:post_date_gmt>
  <wp:post_modified>2023-09-27 14:24:32</wp:post_modified>
  <wp:post_modified_gmt>2023-09-27 12:24:32</wp:post_modified_gmt>
  <wp:comment_status>open</wp:comment_status>
  <wp:ping_status>closed</wp:ping_status>
  <wp:post_name>sans-titre</wp:post_name>
  <wp:status>inherit</wp:status>
  <wp:post_parent>8</wp:post_parent>
  <wp:menu_order>0</wp:menu_order>
  <wp:post_type>attachment</wp:post_type>
  <wp:post_password/>
  <wp:is_sticky>0</wp:is_sticky>
  <wp:attachment_url>https://didiercastroramirez.files.wordpress.com/2023/09/sans-titre.jpg</wp:attachment_url>
  <wp:postmeta>
    <wp:meta_key>_wp_attached_file</wp:meta_key>
    <wp:meta_value><![CDATA[/home/wpcom/public_html/wp-content/blogs.dir/57d/224049570/files/2023/09/sans-titre.jpg]]></wp:meta_value>
  </wp:postmeta>
  <wp:postmeta>
    <wp:meta_key>_wp_attachment_metadata</wp:meta_key>
    <wp:meta_value><![CDATA[a:6:{s:5:"width";i:275;s:6:"height";i:183;s:4:"file";s:87:"/home/wpcom/public_html/wp-content/blogs.dir/57d/224049570/files/2023/09/sans-titre.jpg";s:8:"filesize";i:9924;s:5:"sizes";a:0:{}s:10:"image_meta";a:12:{s:8:"aperture";s:1:"0";s:6:"credit";s:0:"";s:6:"camera";s:0:"";s:7:"caption";s:0:"";s:17:"created_timestamp";s:1:"0";s:9:"copyright";s:0:"";s:12:"focal_length";s:1:"0";s:3:"iso";s:1:"0";s:13:"shutter_speed";s:1:"0";s:5:"title";s:0:"";s:11:"orientation";s:1:"0";s:8:"keywords";a:0:{}}}]]></wp:meta_value>
  </wp:postmeta>
</item>
<item>
  <title><![CDATA[sans-titre]]></title>
  <link>https://didiercastroramirez.wordpress.com/sans-titre-2/</link>
  <pubDate>Wed, 27 Sep 2023 12:26:03 +0000</pubDate>
  <dc:creator>didiercastroramirez</dc:creator>
  <guid isPermaLink="false">http://didiercastroramirez.files.wordpress.com/2023/09/sans-titre-edited.jpg</guid>
  <description/>
  <content:encoded><![CDATA[]]></content:encoded>
  <excerpt:encoded><![CDATA[]]></excerpt:encoded>
  <wp:post_id>15</wp:post_id>
  <wp:post_date>2023-09-27 14:26:03</wp:post_date>
  <wp:post_date_gmt>2023-09-27 12:26:03</wp:post_date_gmt>
  <wp:post_modified>2023-09-27 14:26:03</wp:post_modified>
  <wp:post_modified_gmt>2023-09-27 12:26:03</wp:post_modified_gmt>
  <wp:comment_status>open</wp:comment_status>
  <wp:ping_status>closed</wp:ping_status>
  <wp:post_name>sans-titre-2</wp:post_name>
  <wp:status>inherit</wp:status>
  <wp:post_parent>0</wp:post_parent>
  <wp:menu_order>0</wp:menu_order>
  <wp:post_type>attachment</wp:post_type>
  <wp:post_password/>
  <wp:is_sticky>0</wp:is_sticky>
  <wp:attachment_url>https://didiercastroramirez.files.wordpress.com/2023/09/sans-titre-edited.jpg</wp:attachment_url>
  <wp:postmeta>
    <wp:meta_key>_wp_attached_file</wp:meta_key>
    <wp:meta_value><![CDATA[/home/wpcom/public_html/wp-content/blogs.dir/57d/224049570/files/2023/09/sans-titre-edited.jpg]]></wp:meta_value>
  </wp:postmeta>
  <wp:postmeta>
    <wp:meta_key>_wp_attachment_metadata</wp:meta_key>
    <wp:meta_value><![CDATA[a:7:{s:5:"width";i:103;s:6:"height";i:183;s:4:"file";s:94:"/home/wpcom/public_html/wp-content/blogs.dir/57d/224049570/files/2023/09/sans-titre-edited.jpg";s:8:"filesize";i:7838;s:5:"sizes";a:0:{}s:10:"image_meta";a:12:{s:8:"aperture";s:1:"0";s:6:"credit";s:0:"";s:6:"camera";s:0:"";s:7:"caption";s:0:"";s:17:"created_timestamp";s:1:"0";s:9:"copyright";s:0:"";s:12:"focal_length";s:1:"0";s:3:"iso";s:1:"0";s:13:"shutter_speed";s:1:"0";s:5:"title";s:0:"";s:11:"orientation";s:1:"0";s:8:"keywords";a:0:{}}s:12:"parent_image";a:2:{s:13:"attachment_id";s:2:"13";s:4:"file";s:87:"/home/wpcom/public_html/wp-content/blogs.dir/57d/224049570/files/2023/09/sans-titre.jpg";}}]]></wp:meta_value>
  </wp:postmeta>
</item>
<item>
  <title><![CDATA[sans-titre-1]]></title>
  <link>https://didiercastroramirez.wordpress.com/profil/sans-titre-1/</link>
  <pubDate>Wed, 27 Sep 2023 12:28:01 +0000</pubDate>
  <dc:creator>didiercastroramirez</dc:creator>
  <guid isPermaLink="false">http://didiercastroramirez.files.wordpress.com/2023/09/sans-titre-1.jpg</guid>
  <description/>
  <content:encoded><![CDATA[]]></content:encoded>
  <excerpt:encoded><![CDATA[]]></excerpt:encoded>
  <wp:post_id>16</wp:post_id>
  <wp:post_date>2023-09-27 14:28:01</wp:post_date>
  <wp:post_date_gmt>2023-09-27 12:28:01</wp:post_date_gmt>
  <wp:post_modified>2023-09-27 14:28:01</wp:post_modified>
  <wp:post_modified_gmt>2023-09-27 12:28:01</wp:post_modified_gmt>
  <wp:comment_status>open</wp:comment_status>
  <wp:ping_status>closed</wp:ping_status>
  <wp:post_name>sans-titre-1</wp:post_name>
  <wp:status>inherit</wp:status>
  <wp:post_parent>8</wp:post_parent>
  <wp:menu_order>0</wp:menu_order>
  <wp:post_type>attachment</wp:post_type>
  <wp:post_password/>
  <wp:is_sticky>0</wp:is_sticky>
  <wp:attachment_url>https://didiercastroramirez.files.wordpress.com/2023/09/sans-titre-1.jpg</wp:attachment_url>
  <wp:postmeta>
    <wp:meta_key>_wp_attached_file</wp:meta_key>
    <wp:meta_value><![CDATA[/home/wpcom/public_html/wp-content/blogs.dir/57d/224049570/files/2023/09/sans-titre-1.jpg]]></wp:meta_value>
  </wp:postmeta>
  <wp:postmeta>
    <wp:meta_key>_wp_attachment_metadata</wp:meta_key>
    <wp:meta_value><![CDATA[a:6:{s:5:"width";i:275;s:6:"height";i:183;s:4:"file";s:89:"/home/wpcom/public_html/wp-content/blogs.dir/57d/224049570/files/2023/09/sans-titre-1.jpg";s:8:"filesize";i:9924;s:5:"sizes";a:0:{}s:10:"image_meta";a:12:{s:8:"aperture";s:1:"0";s:6:"credit";s:0:"";s:6:"camera";s:0:"";s:7:"caption";s:0:"";s:17:"created_timestamp";s:1:"0";s:9:"copyright";s:0:"";s:12:"focal_length";s:1:"0";s:3:"iso";s:1:"0";s:13:"shutter_speed";s:1:"0";s:5:"title";s:0:"";s:11:"orientation";s:1:"0";s:8:"keywords";a:0:{}}}]]></wp:meta_value>
  </wp:postmeta>
</item>
  </channel>
</rss>
